,Company,Designation,Qualifications,Location,Last Date to Apply,Link
0,Practo,Quality Engineer,"BE/B.Tech(Electronics, CSE, EEE...)",Bangalore,30 Nov 20,https://www.freshersworld.com/jobs/quality-engineer-jobs-in-bangalore-practo-1038355
1,IPsoft,Cognitive Implementation Engineer,BE/B.Tech,Bangalore,31 Dec 20,https://www.freshersworld.com/jobs/cognitive-implementation-engineer-jobs-in-bangalore-ipsoft-1037036
2,Micro Focus,Software Developer - Contract,"BCA, BE/B.Tech, BSc, MCA",Bangalore,30 Nov 20,https://www.freshersworld.com/jobs/software-developer-contract-jobs-in-bangalore-micro-focus-1036953
3,Covalense Digital,,"BE/B.Tech(CSE, ECE, IT), MCA, ME/M.Tech",Bangalore,30 Nov 20,https://www.freshersworld.com/jobs/php-developers-jobs-in-bangalore-covalense-digital-1026885
4,Campus Management Corp,PHP Developers,"BCA, BE/B.Tech, BSc, MCA, ME/M.Tech",Bangalore,30 Nov 20,https://www.freshersworld.com/jobs/junior-system-engineer-jobs-in-bangalore-campus-management-corp-1033693
5,Nuchange Informatics,Junior System Engineer,"BCA, BE/B.Tech(CSE), BSc(CS)",Bangalore,15 Nov 20,https://www.freshersworld.com/jobs/associate-software-engineer-jobs-in-bangalore-nuchange-informatics-1029287
6,Razorpay,,Any Graduate,Bangalore,01 Jan 21,https://www.freshersworld.com/jobs/junior-analyst-support-operations-jobs-in-bangalore-razorpay-1029343
7,Flock,Associate Software Engineer,BE/B.Tech,"Bangalore, Mumbai",30 Nov 20,https://www.freshersworld.com/jobs/product-support-engineer-jobs-in-bangalore-mumbai-flock-1021590
8,Pratian Technologies,Junior Analyst- Support/Operations,"BCA, BE/B.Tech(CSE, EEE, ECE...), BSc(CS, IT, Library and Information Science...), MCA, MS(SE, IT, CSE)...",Bangalore,30 Nov 20,https://www.freshersworld.com/jobs/associate-sustenance-engineer-jobs-in-bangalore-pratian-technologies-1025498
9,Magicbricks,Product Support Engineer,"BE/B.Tech(CSE, IT)",Bangalore,13 Nov 20,https://www.freshersworld.com/jobs/software-engineer-jobs-in-bangalore-magicbricks-997709
10,Trigent Software,Associate Sustenance Engineer,"BCA, BE/B.Tech, BSc",Bangalore,31 Dec 20,https://www.freshersworld.com/jobs/customer-support-associate-jobs-in-bangalore-trigent-software-735530
11,ThiDiff Technologies,Software Engineer,BE/B.Tech,Bangalore,11 Jan 21,https://www.freshersworld.com/jobs/react-native-developer-jobs-in-bangalore-thidiff-technologies-1038571
12,GMR india Project,,"Diploma, BE/B.Tech, ME/M.Tech","Bangalore, Kolkata",11 Jan 21,https://www.freshersworld.com/jobs/mechanical-engineer-jobs-in-bangalore-kolkata-gmr-india-project-1038395
13,Ahmnis HR Solutions,Customer Support Associate,"Certificate Course (ITI), Diploma, B.Com, BA, BBA/BBM...",Bangalore,11 Jan 21,https://www.freshersworld.com/jobs/customer-support-executive-jobs-in-bangalore-ahmnis-hr-solutions-1038552
14,GVO,React Native Developer,"B.Com, BBA/BBM, BCA, LLB","Bangalore, Kochi, Mumbai",11 Jan 21,https://www.freshersworld.com/jobs/social-media-specialist-jobs-in-bangalore-kochi-mumbai-gvo-1038499
15,Siemens Technology and Services Private Limited,Mechanical Engineer,"BE/B.Tech, Other Course",Bangalore,11 Jan 21,https://www.freshersworld.com/jobs/quality-professional-jobs-in-bangalore-siemens-technology-and-services-private-limited-1037260
16,IBM,Customer Support Executive,"BCA, BE/B.Tech","Bangalore, Hyderabad, Gurgaon...",11 Jan 21,https://www.freshersworld.com/jobs/network-engineer-jobs-in-gurgaon-bangalore-mumbai-ibm-1037221
17,IBM,Social Media Specialist,"BCA, BE/B.Tech, BSc","Bangalore, Hyderabad, Gurgaon...",11 Jan 21,https://www.freshersworld.com/jobs/tooling-operations-engineer-jobs-in-gurgaon-bangalore-mumbai-ibm-1037197
18,IBM,,"BE/B.Tech, Any Graduate",Bangalore,11 Jan 21,https://www.freshersworld.com/jobs/business-operations-professional-wce-jobs-in-bangalore-ibm-1037168
19,IBM,Quality Professional,"BCA, BE/B.Tech, BSc",Bangalore,11 Jan 21,https://www.freshersworld.com/jobs/citrix-specialist-jobs-in-bangalore-ibm-1037166
20,IBM,Network Engineer,"BCA, BE/B.Tech, BSc",Bangalore,11 Jan 21,https://www.freshersworld.com/jobs/application-consultant-azure-cloud-migration-jobs-in-bangalore-ibm-1037165
21,IBM,Tooling Operations Engineer,"BCA, BE/B.Tech, Any Graduate",Bangalore,11 Jan 21,https://www.freshersworld.com/jobs/package-specialist-sap-hana-fin-fi-jobs-in-bangalore-ibm-1037239
22,IBM,Business Operations Professional- WCE,"BCA, BE/B.Tech, BSc",Bangalore,11 Jan 21,https://www.freshersworld.com/jobs/security-technical-support-engineer-jobs-in-bangalore-ibm-1037233
23,IBM,Citrix Specialist,"BCA, BE/B.Tech, BSc",Bangalore,11 Jan 21,https://www.freshersworld.com/jobs/application-developer-jobs-in-bangalore-ibm-1037224
24,IBM,Application Consultant Azure Cloud Migration,"BCA, BE/B.Tech, BSc, Any Graduate",Bangalore,11 Jan 21,https://www.freshersworld.com/jobs/application-packaging-jobs-in-bangalore-ibm-1037222
25,SJK POWERGEN INDIA,Package Specialist SAP HANA FIN FI,"Diploma, BE/B.Tech, ME/M.Tech","Bangalore, Hyderabad, Gurgaon",11 Jan 21,https://www.freshersworld.com/jobs/electrical-engineer-jobs-in-gurgaon-bangalore-hyderabad-sjk-powergen-india-1038491
26,Loan Ventures,Security Technical Support Engineer,"12th Pass (HSE), Any Graduate",Bangalore,11 Jan 21,https://www.freshersworld.com/jobs/customer-service-officer-jobs-in-bangalore-loan-ventures-1038440
27,Vibez Estates,Application Developer,B.Com,Bangalore,11 Jan 21,https://www.freshersworld.com/jobs/telecaller-jobs-in-bangalore-vibez-estates-1038357
28,Navratna India,Application packaging,"Diploma, BE/B.Tech, ME/M.Tech","Bangalore, Gurgaon, Pune",11 Jan 21,https://www.freshersworld.com/jobs/civil-site-engineer-jobs-in-gurgaon-bangalore-pune-navratna-india-1038353
29,GMR Airport India,,"Diploma, BE/B.Tech, ME/M.Tech","Bangalore, Mumbai, Kolkata",11 Jan 21,https://www.freshersworld.com/jobs/civil-engineer-jobs-in-bangalore-mumbai-kolkata-gmr-airport-india-1038349
30,Goldman Sachs,Electrical Engineer,"Diploma, B.Com, M.Com, BCA, BE/B.Tech...",Bangalore,11 Jan 21,https://www.freshersworld.com/jobs/developer-collaboration-workplace-productivity-jobs-in-bangalore-goldman-sachs-1037773
31,Antal International,Customer Service Officer,"BE/B.Tech, ME/M.Tech",Bangalore,11 Jan 21,https://www.freshersworld.com/jobs/sales-engineer-jobs-in-bangalore-antal-international-1037770
32,Job Factory,Telecaller,"B.Com, BBA/BBM, BCA, Other Graduate",Bangalore,11 Jan 21,https://www.freshersworld.com/jobs/customer-support-executive-jobs-in-bangalore-job-factory-1038341
33,SJK POWERGEN,Civil Site Engineer,"Diploma, BE/B.Tech, ME/M.Tech","Bangalore, Hyderabad, Gurgaon",11 Jan 21,https://www.freshersworld.com/jobs/junior-trainee-civil-engineer-jobs-in-gurgaon-bangalore-hyderabad-sjk-powergen-1038486
34,Bhatia Consultancy Services,Civil Engineer,"BBA/BBM, Any Graduate","Bangalore, Hyderabad, Ahmedabad",11 Jan 21,https://www.freshersworld.com/jobs/professional-cv-resume-writing-services-jobs-in-ahmedabad-bangalore-hyderabad-bhatia-consultancy-services-1038480
35,Siemens Technology and Services Private Limited,Developer Collaboration - Workplace Productivity,"BCA, BE/B.Tech, BSc, Other Course",Bangalore,11 Jan 21,https://www.freshersworld.com/jobs/ui-developer-jobs-in-bangalore-siemens-technology-and-services-private-limited-1037362
36,Siemens Technology and Services Private Limited,Sales Engineer,"BCA, BE/B.Tech, BSc, Other Course",Bangalore,11 Jan 21,https://www.freshersworld.com/jobs/java-backend-developer-jobs-in-bangalore-siemens-technology-and-services-private-limited-1037361
37,Siemens Technology and Services Private Limited,Customer Support Executive,"BCA, BE/B.Tech, BSc, Other Course",Bangalore,11 Jan 21,https://www.freshersworld.com/jobs/manual-and-automation-test-engineer-jobs-in-bangalore-siemens-technology-and-services-private-limited-1037360
38,Siemens Technology and Services Private Limited,Junior Trainee Civil Engineer,"BCA, BE/B.Tech, BSc, Other Course",Bangalore,11 Jan 21,https://www.freshersworld.com/jobs/data-analyst-with-java-jobs-in-bangalore-siemens-technology-and-services-private-limited-1037367
39,Siemens Technology and Services Private Limited,Professional CV Resume Writing Services,"BCA, BE/B.Tech, BSc, Other Course",Bangalore,11 Jan 21,https://www.freshersworld.com/jobs/software-developer-automation-testing-jobs-in-bangalore-siemens-technology-and-services-private-limited-1037373
40,Siemens Technology and Services Private Limited,,"BCA, BE/B.Tech, BSc, Other Course",Bangalore,11 Jan 21,https://www.freshersworld.com/jobs/senior-ui-developer-jobs-in-bangalore-siemens-technology-and-services-private-limited-1037370
41,Siemens Technology and Services Private Limited,UI Developer,"BCA, BE/B.Tech, BSc, Other Course",Bangalore,11 Jan 21,https://www.freshersworld.com/jobs/senior-ui-developer-pl-10-jobs-in-bangalore-siemens-technology-and-services-private-limited-1037377
42,Siemens Technology and Services Private Limited,Java backend Developer,"BCA, BE/B.Tech, BSc, Other Course",Bangalore,11 Jan 21,https://www.freshersworld.com/jobs/lead-engineer-it-infrastructure-jobs-in-bangalore-siemens-technology-and-services-private-limited-1037376
43,Black And White Business Solutions,Manual and Automation Test Engineer,"LLM, B.Arch, Diploma, M Phil / Ph.D, B.Com...",Bangalore,11 Jan 21,https://www.freshersworld.com/jobs/opening-for-international-voice-process-for-background-verification-for-experience-candidate-only-itpl-contact-hr-sharon-maria-9513140404-jobs-in-bangalore-black-and-white-business-solutions-1038362
44,Siemens Technology and Services Private Limited,Data Analyst with Java,"BCA, BE/B.Tech, BSc, Other Course",Bangalore,11 Jan 21,https://www.freshersworld.com/jobs/backend-developer-jobs-in-bangalore-siemens-technology-and-services-private-limited-1037378
45,Siemens Technology and Services Private Limited,Software Developer Automation testing,"BCA, BE/B.Tech, BSc",Bangalore,11 Jan 21,https://www.freshersworld.com/jobs/senior-application-engineer-jobs-in-bangalore-siemens-technology-and-services-private-limited-1037374
46,Black And White Business Solutions,Senior UI Developer,"B.Arch, Diploma, B.Com, B.Pharm, BA...",Bangalore,11 Jan 21,https://www.freshersworld.com/jobs/international-voice-semi-voice-ar-caller-customer-support-health-care-medical-billling-process-call-shabreen-9535175728-jobs-in-bangalore-black-and-white-business-solutions-1038218
47,IBM,Senior UI developer - PL 10,"BCA, BE/B.Tech, Any Graduate",Bangalore,11 Jan 21,https://www.freshersworld.com/jobs/support-analyst-jobs-in-bangalore-ibm-1037449
48,IBM,Lead Engineer- IT Infrastructure,"BCA, BE/B.Tech","Bangalore, Hyderabad, Gurgaon...",11 Jan 21,https://www.freshersworld.com/jobs/analyst-risk-and-compliance-jobs-in-gurgaon-bangalore-mumbai-ibm-1037433
49,IBM,International Voice Process,"BCA, BE/B.Tech, BSc",Bangalore,11 Jan 21,https://www.freshersworld.com/jobs/appdev-support-engineer-jobs-in-bangalore-ibm-1037430
50,Sun Biz Solutions,Backend developer,10th Pass (SSC),Bangalore,10 Jan 21,https://www.freshersworld.com/jobs/recovery-collection-jobs-in-bangalore-sun-biz-solutions-1036849
51,Navratna India,Senior Application Engineer,"Diploma, BE/B.Tech","Bangalore, Hyderabad, Gurgaon",10 Jan 21,https://www.freshersworld.com/jobs/electrical-service-engineer-jobs-in-gurgaon-bangalore-hyderabad-navratna-india-1036844
52,Magnacool Engineers.,International BPO,"10th Pass (SSC), 12th Pass (HSE), Any Graduate",Bangalore,10 Jan 21,https://www.freshersworld.com/jobs/customer-support-executive-jobs-in-bangalore-magnacool-engineers-1036841
53,MT PROJECT LIVE,Support Analyst,"Diploma, BE/B.Tech, ME/M.Tech","Bangalore, Hyderabad, Gurgaon",10 Jan 21,https://www.freshersworld.com/jobs/electronics-engineer-jobs-in-gurgaon-bangalore-hyderabad-mt-project-live-1036811
54,For a client of TeamLease Services Ltd,Analyst - Risk and Compliance,"B.Arch, B.Com, B.Pharm, BA, BBA/BBM...",Bangalore,10 Jan 21,https://www.freshersworld.com/jobs/executive-bank-reconcilation-jobs-in-bangalore-for-a-client-of-teamlease-services-ltd-1036962
55,LANCO GROUP INDIA,AppDev Support Engineer,BE/B.Tech,"Bangalore, Gurgaon, Chennai",10 Jan 21,https://www.freshersworld.com/jobs/trainee-mechanical-engineer-jobs-in-gurgaon-bangalore-chennai-lanco-group-india-1036795
56,LANCO GROUP INDIA,Recovery collection,BE/B.Tech,"Bangalore, Hyderabad, Gurgaon",10 Jan 21,https://www.freshersworld.com/jobs/trainee-electronics-engineer-jobs-in-gurgaon-bangalore-hyderabad-lanco-group-india-1036789
57,Succinct FinTech Services P Ltd,Electrical Service Engineer,Any Graduate,Bangalore,10 Jan 21,https://www.freshersworld.com/jobs/customer-support-executive-jobs-in-bangalore-succinct-fintech-services-p-ltd-1036778
58,Sri Vidya Learning Centre,Customer Support Executive,Any Graduate,Bangalore,10 Jan 21,https://www.freshersworld.com/jobs/secretary-jobs-in-bangalore-sri-vidya-learning-centre-1036769
59,Kaz Stroy Project,,BE/B.Tech,"Bangalore, Hyderabad, Chennai",10 Jan 21,https://www.freshersworld.com/jobs/trainee-instrumentation-engineer-jobs-in-bangalore-chennai-hyderabad-kaz-stroy-project-1036752
60,I MATES,Electronics Engineer,"10th Pass (SSC), 12th Pass (HSE), Any Graduate",Bangalore,10 Jan 21,https://www.freshersworld.com/jobs/store-manager-jobs-in-bangalore-i-mates-1036736
61,Ugrocol solutions private limited,Executive - Bank Reconcilation,"LLM, M Phil / Ph.D, B.Com, B.Pharm, BA...",Bangalore,11 Dec 20,https://www.freshersworld.com/jobs/hr-generalist-jobs-bangalore-ugrocol-solutions-private-limited-1-to-3-5-years-of-experience-11-november-2020-1036309
62,MT PROJECTS INDIA,,"Diploma, BE/B.Tech, ME/M.Tech","Bangalore, Hyderabad, Gurgaon",10 Jan 21,https://www.freshersworld.com/jobs/electrical-engineer-jobs-in-gurgaon-bangalore-hyderabad-mt-projects-india-1036714
63,For a client of TeamLease Services Ltd,Trainee Mechanical Engineer,"B.Arch, B.Com, B.Pharm, BA, BBA/BBM...",Bangalore,10 Jan 21,https://www.freshersworld.com/jobs/key-relationship-executive-jobs-in-bangalore-for-a-client-of-teamlease-services-ltd-1036973
64,NIMHANS,Trainee Electronics Engineer,"MD, MBBS",Bangalore,25 Nov 20,https://www.freshersworld.com/jobs/senior-resident-jobs-in-bangalore-nimhans-1036711
65,Black And White Business Solutions,Customer Support Executive,"Diploma, 10th Pass (SSC), 12th Pass (HSE), Any Graduate",Bangalore,10 Jan 21,https://www.freshersworld.com/jobs/hiring-for-bpo-international-domestic-accounts-finance-tally-csr-tsr-call-centre-voice-non-voice-call-shabreen-9535175728-jobs-in-bangalore-black-and-white-business-solutions-1036698
66,Episeio Business Solutions,secretary,Any Graduate,Bangalore,10 Jan 21,https://www.freshersworld.com/jobs/hr-recruiter-jobs-in-bangalore-episeio-business-solutions-1036336
67,EKOLO,Trainee Instrumentation Engineer,12th Pass (HSE),"Bangalore, Delhi, Gurgaon",10 Jan 21,https://www.freshersworld.com/jobs/delivery-boy-jobs-in-gurgaon-bangalore-delhi-ekolo-1036335
68,Angel Door Step SPA,,No Education/Schooling,Bangalore,10 Jan 21,https://www.freshersworld.com/jobs/spa-therapist-jobs-in-bangalore-angel-door-step-spa-1037072
69,National Aerospace Laboratories,Store Manager,"BE/B.Tech, MSc",Bangalore,24 Nov 20,https://www.freshersworld.com/jobs/project-associate-i-jobs-in-bangalore-national-aerospace-laboratories-1036664
70,APM Terminal Sport India,HR Generalist,"Diploma, BE/B.Tech, ME/M.Tech","Bangalore, Gurgaon, Mumbai",10 Jan 21,https://www.freshersworld.com/jobs/electrical-service-engineer-jobs-in-gurgaon-bangalore-mumbai-apm-terminal-sport-india-1036946
71,Village Talkies,Electrical Engineer,Other Course,Bangalore,11 Jan 21,https://www.freshersworld.com/jobs/motion-graphics-jobs-in-bangalore-village-talkies-1036561
72,ID+AS Architects,Key Relationship Executive,Other Course,Bangalore,11 Jan 21,https://www.freshersworld.com/jobs/architecture-interior-design-jobs-in-bangalore-id-as-architects-1036560
73,Kwiqpick Services,Senior Resident,Other Course,Bangalore,11 Jan 21,https://www.freshersworld.com/jobs/growth-hacker-intern-jobs-in-bangalore-kwiqpick-services-1036559
74,The Sports School,,Other Course,Bangalore,11 Jan 21,https://www.freshersworld.com/jobs/graphic-design-jobs-in-bangalore-the-sports-school-1036558
75,CueLearn,BPO International,Other Course,Bangalore,11 Jan 21,https://www.freshersworld.com/jobs/human-resources-hr-jobs-in-bangalore-cuelearn-1036557
76,Verzeo,HR Recruiter,Other Course,Bangalore,11 Jan 21,https://www.freshersworld.com/jobs/web-development-jobs-in-bangalore-verzeo-1036556
77,Xarpie Labs,Delivery Boy,Other Course,Bangalore,11 Jan 21,https://www.freshersworld.com/jobs/marketing-jobs-in-bangalore-xarpie-labs-1036555
78,I Cap Financial Services,Spa Therapist,Other Course,Bangalore,11 Jan 21,https://www.freshersworld.com/jobs/management-trainee-jobs-in-bangalore-i-cap-financial-services-1036553
79,GT Informatics,Project Associate-I,Other Course,Bangalore,11 Jan 21,https://www.freshersworld.com/jobs/seller-relationship-management-jobs-in-bangalore-gt-informatics-1036552
80,Inaam Rahman,Electrical Service Engineer,Other Course,Bangalore,11 Jan 21,https://www.freshersworld.com/jobs/web-development-jobs-in-bangalore-inaam-rahman-1036550
81,Digiolic,Motion Graphics,Other Course,Bangalore,11 Jan 21,https://www.freshersworld.com/jobs/content-writing-jobs-in-bangalore-digiolic-1036549
82,AB Manpower And Recruitment Services,Architecture & Interior Design,Other Course,Bangalore,11 Jan 21,https://www.freshersworld.com/jobs/data-annotation-speech-to-text-telugu-jobs-in-bangalore-ab-manpower-and-recruitment-services-1036548
83,Astromata,Growth Hacker Intern,Other Course,Bangalore,11 Jan 21,https://www.freshersworld.com/jobs/web-development-jobs-in-bangalore-astromata-1036547
84,Pankhuri,Graphic Design,Other Course,Bangalore,11 Jan 21,https://www.freshersworld.com/jobs/graphic-design-jobs-in-bangalore-pankhuri-1036546
85,Zoroy Retail Private Limited,,Other Course,Bangalore,11 Jan 21,https://www.freshersworld.com/jobs/web-development-jobs-in-bangalore-zoroy-retail-private-limited-1036545
86,AbleCold Logistics,Human Resources (HR),Other Course,Bangalore,11 Jan 21,https://www.freshersworld.com/jobs/business-development-sales-jobs-in-bangalore-ablecold-logistics-1036544
87,Guitcom Consulting Private Limited,Web Development,Other Course,Bangalore,11 Jan 21,https://www.freshersworld.com/jobs/accounts-jobs-in-bangalore-guitcom-consulting-private-limited-1036543
88,AyurVAID Hospitals,Marketing,Other Course,Bangalore,11 Jan 21,https://www.freshersworld.com/jobs/customer-relationship-management-jobs-in-bangalore-ayurvaid-hospitals-1036542
89,Evineon Technologies,Management Trainee,Other Course,Bangalore,11 Jan 21,https://www.freshersworld.com/jobs/accounts-jobs-in-bangalore-evineon-technologies-1036541
90,Fibi,Seller Relationship Management,Other Course,Bangalore,11 Jan 21,https://www.freshersworld.com/jobs/business-development-sales-jobs-in-bangalore-fibi-1036540
91,Eduflex,Web Development,Other Course,Bangalore,11 Jan 21,https://www.freshersworld.com/jobs/asp-net-development-jobs-in-bangalore-eduflex-1036539
92,QZense Labs,Content Writing,Other Course,Bangalore,11 Jan 21,https://www.freshersworld.com/jobs/full-stack-development-jobs-in-bangalore-qzense-labs-1036536
93,Home Canvas,Data Annotation (Speech To Text) Telugu,Other Course,Bangalore,11 Jan 21,https://www.freshersworld.com/jobs/graphic-design-jobs-in-bangalore-home-canvas-1036535
94,Vmedo,Web Development,Other Course,Bangalore,11 Jan 21,https://www.freshersworld.com/jobs/social-media-marketing-jobs-in-bangalore-vmedo-1036534
95,Arzooo,Graphic Design,Other Course,Bangalore,11 Jan 21,https://www.freshersworld.com/jobs/graphic-design-jobs-in-bangalore-arzooo-1036533
96,Indigo Solutions,,Other Course,Bangalore,11 Jan 21,https://www.freshersworld.com/jobs/business-development-sales-jobs-in-bangalore-indigo-solutions-1036532
97,Anarock Property Consultant Private Limited,Web Development,Other Course,Bangalore,11 Jan 21,https://www.freshersworld.com/jobs/business-development-sales-jobs-in-bangalore-anarock-property-consultant-private-limited-1036531
98,Farine Foods Private Limited,Business Development (Sales),Other Course,Bangalore,11 Jan 21,https://www.freshersworld.com/jobs/corporate-sales-jobs-in-bangalore-farine-foods-private-limited-1036529
99,Xiaomi Technology India Private Limited,Accounts,Other Course,Bangalore,11 Jan 21,https://www.freshersworld.com/jobs/ca-industrial-training-jobs-in-bangalore-xiaomi-technology-india-private-limited-1036528
100,WebxInfinity IT Solutions A Venture Of Blowpix Solutions Pvt Ltd,Customer Relationship Management,"Diploma, B.Com, M.Com, BCA, BE/B.Tech...",Bangalore,11 Jan 21,https://www.freshersworld.com/jobs/web-development-jobs-in-bangalore-webxinfinity-it-solutions-a-venture-of-blowpix-solutions-pvt-ltd-1036472
101,CarEasy,Accounts,"Diploma, M Phil / Ph.D, B.Com, M.Com, MA...",Bangalore,11 Jan 21,https://www.freshersworld.com/jobs/business-development-sales-jobs-in-bangalore-careasy-1036471
102,WebxInfinity IT Solutions A Venture Of Blowpix Solutions Pvt Ltd,Business Development (Sales),"Diploma, B.Com, M.Com, BBA/BBM, BCA...",Bangalore,11 Jan 21,https://www.freshersworld.com/jobs/human-resources-hr-jobs-in-bangalore-webxinfinity-it-solutions-a-venture-of-blowpix-solutions-pvt-ltd-1036470
103,World On A Plate,ASP.NET Development,"Diploma, M Phil / Ph.D, B.Com, M.Com, MA...",Bangalore,11 Jan 21,https://www.freshersworld.com/jobs/social-media-marketing-jobs-in-bangalore-world-on-a-plate-1036469
104,Indigo Solutions,Full Stack Development,"Diploma, M Phil / Ph.D, B.Com, M.Com, MA...",Bangalore,11 Jan 21,https://www.freshersworld.com/jobs/marketing-jobs-in-bangalore-indigo-solutions-1036468
105,Novus Immigration Services Private Limited,Graphic Design,"Diploma, M Phil / Ph.D, B.Com, M.Com, MA...",Bangalore,11 Jan 21,https://www.freshersworld.com/jobs/business-development-sales-jobs-in-bangalore-novus-immigration-services-private-limited-1036467
106,ICert Global Learning Private Limited,Social Media Marketing,"Diploma, M Phil / Ph.D, B.Com, M.Com, MA...",Bangalore,11 Jan 21,https://www.freshersworld.com/jobs/business-development-sales-jobs-in-bangalore-icert-global-learning-private-limited-1036466
107,Maia Estates LLP,Graphic Design,"BE/B.Tech, ME/M.Tech, Other Course",Bangalore,11 Jan 21,https://www.freshersworld.com/jobs/site-engineering-jobs-in-bangalore-maia-estates-llp-1036465
108,Thanmaya Designs,Business Development (Sales),"B.Arch, M.Arch, Other Course",Bangalore,11 Jan 21,https://www.freshersworld.com/jobs/architecture-jobs-in-bangalore-thanmaya-designs-1036464
109,Marktech,Business Development (Sales),"Diploma, M Phil / Ph.D, B.Com, M.Com, MA...",Bangalore,11 Jan 21,https://www.freshersworld.com/jobs/business-development-sales-jobs-in-bangalore-marktech-1036462
110,Dunzo,Corporate Sales,"BCA, B.Design, Other Course",Bangalore,11 Jan 21,https://www.freshersworld.com/jobs/ux-ui-design-jobs-in-bangalore-dunzo-1036461
111,Dunzo,CA - Industrial Training,"BCA, B.Design, Other Course",Bangalore,11 Jan 21,https://www.freshersworld.com/jobs/ui-ux-design-jobs-in-bangalore-dunzo-1036459
112,Yuvik Enterprises,Web Development,"BSc, MSc(Nursing)",Bangalore,09 Jan 21,https://www.freshersworld.com/jobs/staff-nurse-jobs-in-bangalore-yuvik-enterprises-1036147
113,Yuvik Enterprises,Business Development Sales,"BBA/BBM, MBA/PGDM(Administration)",Bangalore,09 Jan 21,https://www.freshersworld.com/jobs/accountant-jobs-in-bangalore-yuvik-enterprises-1036156
114,India1cart&mart,Human Resources HR,"B.Com, BBA/BBM, BCA, BEd, BSc...",Bangalore,09 Jan 21,https://www.freshersworld.com/jobs/asm-sales-jobs-in-bangalore-india1cart-mart-1036254
115,CornerTree Consulting,,"10th Pass (SSC), 12th Pass (HSE), Any Graduate",Bangalore,09 Jan 21,https://www.freshersworld.com/jobs/business-development-executive-jobs-in-bangalore-cornertree-consulting-1036273
116,Taica Software Solutions,Social Media Marketing,"M.Com, BE/B.Tech, MBA/PGDM, MCA","Bangalore, Chennai, Hosur",09 Jan 21,https://www.freshersworld.com/jobs/software-trainee-jobs-in-bangalore-chennai-hosur-taica-software-solutions-1036183
117,Cardinal Health,Marketing,Any Graduate,Bangalore,05 Jan 21,https://www.freshersworld.com/jobs/business-quality-assurance-analyst-jobs-in-bangalore-cardinal-health-1032561
118,Whatfix,,Other Course,Bangalore,04 Jan 21,https://www.freshersworld.com/jobs/product-manager-mobile-jobs-in-bangalore-whatfix-1032560
119,DIAGEO India,Business Development Sales,"B.Com, MBA/PGDM",Bangalore,05 Jan 21,https://www.freshersworld.com/jobs/analyst-rtr-jobs-in-bangalore-diageo-india-1032559
120,CommScope,Business Development Sales,"BE/B.Tech, ME/M.Tech",Bangalore,04 Jan 21,https://www.freshersworld.com/jobs/engineer-r-d-jobs-in-bangalore-commscope-1032558
121,Garena,Site Engineering,Any Graduate,Bangalore,04 Jan 21,https://www.freshersworld.com/jobs/esports-project-manager-jobs-in-bangalore-garena-1032557
122,Siemens Healthineers,Architecture,"BE/B.Tech, ME/M.Tech",Bangalore,04 Jan 21,https://www.freshersworld.com/jobs/lead-research-engineer-machine-learning-jobs-in-bangalore-siemens-healthineers-1032555
123,Mahaveera Transport Pvt. Limited,Business Development Sales,MBA/PGDM,Bangalore,04 Jan 21,https://www.freshersworld.com/jobs/sales-manager-assistant-managers-jobs-in-bangalore-mahaveera-transport-pvt-limited-1032548
124,JIFFY.ai,,"BE/B.Tech, ME/M.Tech",Bangalore,04 Jan 21,https://www.freshersworld.com/jobs/product-engineer-jobs-in-bangalore-jiffy-ai-1032525
125,Deep LogicTech Pvt. Ltd,UX/UI Design,"BE/B.Tech, ME/M.Tech","Bangalore, Delhi",05 Jan 21,https://www.freshersworld.com/jobs/cloud-engineer-python-golang-kubernetes-jobs-in-bangalore-delhi-deep-logictech-pvt-ltd-1032409
126,Numentechnology,UI/UX Design,"BCA, BE/B.Tech, MCA, ME/M.Tech",Bangalore,09 Jan 21,https://www.freshersworld.com/jobs/ios-developer-jobs-in-bangalore-numentechnology-1036021
127,Debtcare Enterprises Private Limited,Staff Nurse,"12th Pass (HSE), Any Graduate",Bangalore,09 Jan 21,https://www.freshersworld.com/jobs/telecaller-jobs-in-bangalore-debtcare-enterprises-private-limited-1036006
128,QUALITRONIS MADRASS PVT LTD,Accountant,"10th Pass (SSC), 12th Pass (HSE)",Bangalore,09 Jan 21,https://www.freshersworld.com/jobs/back-office-assistant-jobs-in-bangalore-qualitronis-madrass-pvt-ltd-1036003
129,CGI,ASM Sales,"Diploma, BCA, BE/B.Tech, BSc, MCA...",Bangalore,05 Jan 21,https://www.freshersworld.com/jobs/mid-level-tester-jobs-in-bangalore-cgi-1032556
130,Biome Helathcare Pvt Ltd,,"Diploma(Bio-Medical, Bio-Tech), 12th Pass (HSE)",Bangalore,09 Jan 21,https://www.freshersworld.com/jobs/service-engineer-biomedical-jobs-in-bangalore-biome-helathcare-pvt-ltd-1036019
131,Hanwha India Project,Business Development Executive,BE/B.Tech,"Bangalore, Ahmedabad, Pune",09 Jan 21,https://www.freshersworld.com/jobs/junior-trainee-engineer-jobs-in-ahmedabad-bangalore-pune-hanwha-india-project-1035992
132,Numentechnology,Software Trainee,"BCA, BE/B.Tech, MCA, ME/M.Tech, MSc",Bangalore,09 Jan 21,https://www.freshersworld.com/jobs/andriod-devoloper-jobs-in-bangalore-numentechnology-1035985
133,MT PROJECTS INDIA,Business Quality Assurance Analyst,"Diploma, BE/B.Tech, ME/M.Tech","Bangalore, Hyderabad, Vizianagaram",09 Jan 21,https://www.freshersworld.com/jobs/mechanical-design-engineer-jobs-in-vizianagaram-bangalore-hyderabad-mt-projects-india-1035965
134,Deep LogicTech Pvt. Ltd,Product Manager- Mobile,"BCA, BE/B.Tech, MCA, ME/M.Tech, Other Course","Bangalore, Delhi",05 Jan 21,https://www.freshersworld.com/jobs/database-programmer-administrator-jobs-in-bangalore-delhi-deep-logictech-pvt-ltd-1032374
135,Hinduja Global Solutions,Analyst - RTR,"B.Com, BBA/BBM, BCA",Bangalore,09 Jan 21,https://www.freshersworld.com/jobs/back-office-executive-non-voice-jobs-in-bangalore-hinduja-global-solutions-1035976
136,Totalcloud Inc,Engineer- R/D,"BCA, BE/B.Tech, MCA, ME/M.Tech",Bangalore,09 Jan 21,https://www.freshersworld.com/jobs/front-end-developer-jobs-in-bangalore-totalcloud-inc-1035914
137,N K SAHA,Esports Project Manager,BE/B.Tech,"Bangalore, Hyderabad, Chennai",09 Jan 21,https://www.freshersworld.com/jobs/junior-electrical-engineer-jobs-in-bangalore-chennai-hyderabad-n-k-saha-1035904
138,Allegion,Lead Research Engineer-Machine Learning,"BE/B.Tech, Other Course",Bangalore,04 Jan 21,https://www.freshersworld.com/jobs/engineer-design-mechanical-jobs-in-bangalore-allegion-1031217
139,For a client of TeamLease Services Ltd,Sales Manager/Assistant Managers,"BCA, BE/B.Tech, BSc, MCA, ME/M.Tech...",Bangalore,09 Jan 21,https://www.freshersworld.com/jobs/desktop-support-engineer-jobs-in-bangalore-for-a-client-of-teamlease-services-ltd-1036120
140,PL GROUP,Product Engineer,"Diploma, BE/B.Tech, ME/M.Tech","Bangalore, Hyderabad, Gurgaon",09 Jan 21,https://www.freshersworld.com/jobs/mechanical-design-engineer-jobs-in-gurgaon-bangalore-hyderabad-pl-group-1036170
141,ThiDiff Technologies,,BE/B.Tech,Bangalore,09 Jan 21,https://www.freshersworld.com/jobs/manual-testing-jobs-in-bangalore-thidiff-technologies-1036143
142,KAZ STORY INDIA SERVICES,Cloud Engineer - Python/Golang/Kubernetes,BE/B.Tech,"Bangalore, Gurgaon, Chennai",09 Jan 21,https://www.freshersworld.com/jobs/senior-civil-site-engineer-jobs-in-gurgaon-bangalore-chennai-kaz-story-india-services-1035885
143,ThiDiff Technologies,iOS Developer,BE/B.Tech,Bangalore,09 Jan 21,https://www.freshersworld.com/jobs/react-native-developer-jobs-in-bangalore-thidiff-technologies-1036140
144,Clockwork Business Solution,Telecaller,"BCA, BE/B.Tech, MCA, ME/M.Tech",Bangalore,09 Jan 21,https://www.freshersworld.com/jobs/senior-asp-net-developer-jobs-in-bangalore-clockwork-business-solution-1035896
145,SJK POWERGEN,BACK OFFICE ASSISTANT,BE/B.Tech,"Bangalore, Gurgaon, Chennai",09 Jan 21,https://www.freshersworld.com/jobs/junior-trainee-electronics-engineer-jobs-in-gurgaon-bangalore-chennai-sjk-powergen-1036137
146,ThiDiff Technologies,Mid Level Tester,BE/B.Tech,Bangalore,09 Jan 21,https://www.freshersworld.com/jobs/reactjs-developer-jobs-in-bangalore-thidiff-technologies-1036131
147,LANCO GROUP INDIA,Service Engineer Biomedical,BE/B.Tech,"Bangalore, Hyderabad, Pune",09 Jan 21,https://www.freshersworld.com/jobs/trainee-mechanical-engineer-jobs-in-bangalore-pune-hyderabad-lanco-group-india-1035891
148,Yuvik Enterprises,Junior Trainee engineer,"Diploma, Other Graduate",Bangalore,09 Jan 21,https://www.freshersworld.com/jobs/tele-caller-jobs-in-bangalore-yuvik-enterprises-1036076
149,Yuvik Enterprises,Andriod Devoloper,"B.Com, BBA/BBM",Bangalore,09 Jan 21,https://www.freshersworld.com/jobs/officer-sales-marketing-jobs-in-bangalore-yuvik-enterprises-1036126
150,IBM,Mechanical Design Engineer,"BCA, BE/B.Tech, BSc, Any Graduate",Bangalore,11 Jan 21,https://www.freshersworld.com/jobs/technical-support-engineer-jobs-in-bangalore-ibm-1037428
151,Siemens Technology India,Database Programmer Administrator,"Diploma, B.Com, M.Com, BCA, BE/B.Tech...",Bangalore,10 Jan 21,https://www.freshersworld.com/jobs/software-engineer-python-development-jobs-in-bangalore-siemens-technology-india-1037794
152,Bayer,,"M Phil / Ph.D, MS",Bangalore,11 Jan 21,https://www.freshersworld.com/jobs/pipeline-data-analyst-jobs-in-bangalore-bayer-1037793
153,Embassy Group,Back Office Executive-Non Voice,"Any Graduate, Other Post Graduate",Bangalore,11 Jan 21,https://www.freshersworld.com/jobs/sales-executive-jobs-in-bangalore-embassy-group-1037792
154,Global Healthcare Resource,Front End Developer,"12th Pass (HSE), Any Graduate",Bangalore,10 Jan 21,https://www.freshersworld.com/jobs/customer-care-voice-process-jobs-in-bangalore-global-healthcare-resource-1037791
155,Crowning Staffing Private Limited Company,Junior Electrical Engineer,"Diploma, 12th Pass (HSE)",Bangalore,11 Jan 21,https://www.freshersworld.com/jobs/tele-collection-executive-jobs-in-bangalore-crowning-staffing-private-limited-company-1038422
156,NAVRATNA PROJECT LIVE,Engineer Design Mechanical,"Diploma, BE/B.Tech, ME/M.Tech","Bangalore, Gurgaon, Chennai",11 Jan 21,https://www.freshersworld.com/jobs/industrial-sales-engineer-jobs-in-gurgaon-bangalore-chennai-navratna-project-live-1038409
157,IBM,Desktop Support Engineer,"BCA, BE/B.Tech, Any Graduate",Bangalore,11 Jan 21,https://www.freshersworld.com/jobs/ui-developer-ibm-cloud-jobs-in-bangalore-ibm-1037530
158,IBM,Mechanical Design Engineer,"BCA, BE/B.Tech, BSc",Bangalore,11 Jan 21,https://www.freshersworld.com/jobs/data-analyst-jobs-in-bangalore-ibm-1037509
159,IBM,Manual Testing,"BCA, BE/B.Tech, BSc, Any Graduate",Bangalore,11 Jan 21,https://www.freshersworld.com/jobs/test-automation-specialist-jobs-in-bangalore-ibm-1037510
160,IBM,Senior Civil Site Engineer,"BCA, BE/B.Tech, BSc",Bangalore,11 Jan 21,https://www.freshersworld.com/jobs/cloud-developer-go-lang-jobs-in-bangalore-ibm-1037502
161,IBM,React Native Developer,"BCA, BE/B.Tech, BSc",Bangalore,11 Jan 21,https://www.freshersworld.com/jobs/cloud-developer-virtualization-jobs-in-bangalore-ibm-1037501
162,Ignitarium Technologies,Senior ASP.NET developer,"BE/B.Tech(CSE), ME/M.Tech(CSE, ECE, Embedded System Technologies)",Bangalore,11 Jan 21,https://www.freshersworld.com/jobs/engineer-embedded-software-jobs-in-bangalore-ignitarium-technologies-1038297
163,Siemens Technology and Services Private Limited,Junior Trainee Electronics Engineer,"BE/B.Tech, BSc, Other Course",Bangalore,11 Jan 21,https://www.freshersworld.com/jobs/process-lead-jobs-in-bangalore-siemens-technology-and-services-private-limited-1037383
164,Siemens Technology and Services Private Limited,ReactJS Developer,"BCA, BE/B.Tech, BSc, Other Course",Bangalore,11 Jan 21,https://www.freshersworld.com/jobs/setup-developer-jobs-in-bangalore-siemens-technology-and-services-private-limited-1037389
165,Siemens Technology and Services Private Limited,Trainee Mechanical Engineer,"BE/B.Tech, BSc, Other Course",Bangalore,11 Jan 21,https://www.freshersworld.com/jobs/lean-program-manager-jobs-in-bangalore-siemens-technology-and-services-private-limited-1037394
166,Stone Tools & Chemicals Pvt Ltd,Tele Caller,"Diploma, B.Com, M.Com, MA, BBA/BBM...",Bangalore,11 Jan 21,https://www.freshersworld.com/jobs/sales-marketing-executive-jobs-in-bangalore-stone-tools-chemicals-pvt-ltd-1038314
167,Siemens Technology and Services Private Limited,Officer - Sales Marketing,"BCA, BE/B.Tech, BSc, Other Course",Bangalore,11 Jan 21,https://www.freshersworld.com/jobs/software-developer-c-linux-python-jobs-in-bangalore-siemens-technology-and-services-private-limited-1037395
168,MT PROJECTS INDIA,Technical Support Engineer,"Diploma, BE/B.Tech, ME/M.Tech","Bangalore, Gurgaon, Chennai",11 Jan 21,https://www.freshersworld.com/jobs/plant-manager-jobs-in-gurgaon-bangalore-chennai-mt-projects-india-1038290
169,Siemens Technology and Services Private Limited,Software Engineer-Python Development,"BCA, BE/B.Tech, Other Course",Bangalore,11 Jan 21,https://www.freshersworld.com/jobs/junior-ui-developer-jobs-in-bangalore-siemens-technology-and-services-private-limited-1037380
170,Siemens Technology and Services Private Limited,Pipeline Data Analyst,"BCA, BE/B.Tech, Other Course",Bangalore,11 Jan 21,https://www.freshersworld.com/jobs/full-stack-developer-jobs-in-bangalore-siemens-technology-and-services-private-limited-1037398
171,Bhatt Management Services Pvt.,,"B.Com, BA, BCA, MBA/PGDM(Banking & Finance, Marketing)",Bangalore,11 Jan 21,https://www.freshersworld.com/jobs/marketing-executive-jobs-in-bangalore-bhatt-management-services-pvt-1038199
172,HAL,Sales Executive,Certificate Course (ITI),Bangalore,12 Dec 20,https://www.freshersworld.com/jobs/apprenticeship-training-jobs-in-bangalore-hal-1038206
173,Swiggy,Customer Care-Voice Process,"10th Pass (SSC), 12th Pass (HSE)",Bangalore,12 Dec 20,https://www.freshersworld.com/jobs/delivery-executive-jobs-bangalore-swiggy-0-to-0-years-of-experience-12-november-2020-1007621
174,For a client of TeamLease Services Ltd,,10th Pass (SSC),Bangalore,30 Nov 20,https://www.freshersworld.com/jobs/delivery-associate-jobs-in-bangalore-for-a-client-of-teamlease-services-ltd-904786
175,The Worlds Largest eCommerce Company,Tele Collection Executive,"Certificate Course (ITI), Diploma, B.Com, BA, BBA/BBM...",Bangalore,30 Nov 20,https://www.freshersworld.com/jobs/station-support-associate-jobs-in-bangalore-amazon-transportation-services-pvt-ltd-904742
176,Swiggy,Industrial Sales Engineer,"10th Pass (SSC), 12th Pass (HSE)",Bangalore,30 Nov 20,https://www.freshersworld.com/jobs/delivery-executive-for-swiggy-jobs-in-bangalore-bundl-technologies-pvt-ltd-976595
177,APM Terminal Sport India,UI DeveloperIBM Cloud,"Diploma, BE/B.Tech, ME/M.Tech","Bangalore, Hyderabad, Gurgaon",10 Jan 21,https://www.freshersworld.com/jobs/electrical-service-engineer-jobs-in-gurgaon-bangalore-hyderabad-apm-terminal-sport-india-1037003
178,Inline-4 Automotives,Data Analyst,"Diploma, M Phil / Ph.D, B.Com, M.Com, MA...",Bangalore,10 Jan 21,https://www.freshersworld.com/jobs/in-sales-executive-jobs-in-bangalore-inline-4-automotives-1037082
179,RAO AND ASSOCIATES,Test Automation Specialist,B.Com,Bangalore,10 Jan 21,https://www.freshersworld.com/jobs/accounting-executive-jobs-in-bangalore-rao-and-associates-1037101
180,Micromatix Innovations P Ltd,,"B.Com, M.Com",Bangalore,11 Dec 20,https://www.freshersworld.com/jobs/office-accountant-jobs-bangalore-micromatix-innovations-p-ltd-2-to-5-years-of-experience-11-november-2020-1037889
181,PL GROUP,Cloud Developer Go Lang,"Diploma, BE/B.Tech, ME/M.Tech","Bangalore, Hyderabad, Chennai",10 Jan 21,https://www.freshersworld.com/jobs/electrical-service-engineer-jobs-in-bangalore-chennai-hyderabad-pl-group-1037023
182,ThiDiff Technologies,Cloud Developer Virtualization,BE/B.Tech,Bangalore,10 Jan 21,https://www.freshersworld.com/jobs/node-js-developer-jobs-in-bangalore-thidiff-technologies-1037039
183,ThiDiff Technologies,Engineer Embedded Software,BE/B.Tech,Bangalore,10 Jan 21,https://www.freshersworld.com/jobs/ios-developer-jobs-in-bangalore-thidiff-technologies-1037047
184,ThiDiff Technologies,Process Lead,BE/B.Tech,Bangalore,10 Jan 21,https://www.freshersworld.com/jobs/reactjs-developer-jobs-in-bangalore-thidiff-technologies-1037044
185,ThiDiff Technologies,Setup Developer,BE/B.Tech,Bangalore,10 Jan 21,https://www.freshersworld.com/jobs/react-native-developer-jobs-in-bangalore-thidiff-technologies-1037043
186,ThiDiff Technologies,,BE/B.Tech,Bangalore,10 Jan 21,https://www.freshersworld.com/jobs/software-tester-jobs-in-bangalore-thidiff-technologies-1037041
187,Bayer,Lean Program Manager,"B.Com, MBA/PGDM",Bangalore,03 Jan 21,https://www.freshersworld.com/jobs/associate-ccd-jobs-in-bangalore-bayer-1031201
188,Accruent,Sales/Marketing Executive,"BE/B.Tech, ME/M.Tech",Bangalore,03 Jan 21,https://www.freshersworld.com/jobs/it-systems-administrator-jobs-in-bangalore-accruent-1031203
189,Koch Global Business Services,Software Developer C Linux Python,"BE/B.Tech, ME/M.Tech",Bangalore,04 Jan 21,https://www.freshersworld.com/jobs/software-engineer-jobs-in-bangalore-koch-global-business-services-1031205
190,HealthPlix Technologies Private Limited,Plant Manager,"Diploma, B.Com, M.Com, BCA, BE/B.Tech...",Bangalore,04 Jan 21,https://www.freshersworld.com/jobs/react-native-developer-jobs-in-bangalore-healthplix-technologies-private-limited-1031206
191,DaMENSCH,Junior UI developer,Any Graduate,Bangalore,03 Jan 21,https://www.freshersworld.com/jobs/social-media-communications-jobs-in-bangalore-damensch-1031207
192,Wireless Brain Consultancy,Full Stack Developer,12th Pass (HSE),Bangalore,10 Jan 21,https://www.freshersworld.com/jobs/admin-hr-assistant-jobs-in-bangalore-wireless-brain-consultancy-1037056
193,Aasaanjobs,Marketing Executive,12th Pass (HSE),Bangalore,10 Jan 21,https://www.freshersworld.com/jobs/customer-support-executive-jobs-in-bangalore-aasaanjobs-1037015
194,Undocked,Apprenticeship Training,"BE/B.Tech, MCA",Bangalore,10 Jan 21,https://www.freshersworld.com/jobs/net-trainee-engineer-jobs-in-bangalore-undocked-1036939
195,Black And White Business Solutions,Delivery Executive,"B.Com, BA, BBA/BBM, BCA, BE/B.Tech",Bangalore,10 Jan 21,https://www.freshersworld.com/jobs/customer-support-executive-jobs-in-bangalore-black-and-white-business-solutions-1036766
196,Dinfotech,Delivery Associate,MBA/PGDM,Bangalore,11 Dec 20,https://www.freshersworld.com/jobs/hr-executive-jobs-bangalore-dinfotech-0-5-to-3-years-of-experience-11-november-2020-1036968
197,Edureka,,Any Graduate,Bangalore,13 Nov 20,https://www.freshersworld.com/jobs/associate-inside-sales-manager-jobs-in-bangalore-edureka-929992
198,Edureka,Station Support Associate,Any Graduate,Bangalore,13 Nov 20,https://www.freshersworld.com/jobs/program-coordinator-technical-consultant-inside-sales-manager-jobs-in-bangalore-edureka-762005
199,Black And White Business Solutions,Delivery executive for Swiggy,Any Graduate,Bangalore,10 Jan 21,https://www.freshersworld.com/jobs/bpo-jobs-for-fresher-s-exp-sal-upto-3lpa-jobs-in-bangalore-black-and-white-business-solutions-1036858
200,Chumbak Design,Electrical Service Engineer,Other Course,Bangalore,11 Jan 21,https://www.freshersworld.com/jobs/digital-marketing-jobs-in-bangalore-chumbak-design-1036527
201,Techasoft Private Limited,In Sales Executive,"Diploma, M Phil / Ph.D, B.Com, M.Com, MA...",Bangalore,11 Jan 21,https://www.freshersworld.com/jobs/digital-marketing-jobs-in-bangalore-techasoft-private-limited-1036525
202,GAAQ CONSORTIUM,Accounting executive,"Any Graduate, Other Course",Bangalore,11 Jan 21,https://www.freshersworld.com/jobs/content-writing-jobs-in-bangalore-gaaq-consortium-1036524
203,Treewalker Technologies Private limited,Office Accountant,"Any Graduate, Other Course",Bangalore,11 Jan 21,https://www.freshersworld.com/jobs/content-writing-jobs-in-bangalore-treewalker-technologies-private-limited-1036523
204,Avian Aerospace Private Limited,Electrical Service Engineer,"Diploma, M Phil / Ph.D, B.Com, M.Com, MA...",Bangalore,11 Jan 21,https://www.freshersworld.com/jobs/sales-marketing-jobs-in-bangalore-avian-aerospace-private-limited-1036522
205,Mellow Designs,Node JS developer,"BCA, B.Design, Other Course",Bangalore,11 Jan 21,https://www.freshersworld.com/jobs/graphic-design-jobs-in-bangalore-mellow-designs-1036520
206,Mellow Designs,iOS Developer,"Diploma, M Phil / Ph.D, B.Com, M.Com, MA...",Bangalore,11 Jan 21,https://www.freshersworld.com/jobs/business-development-sales-jobs-in-bangalore-mellow-designs-1036519
207,Mellow Designs,ReactJS Developer,"Any Graduate, Other Course",Bangalore,11 Jan 21,https://www.freshersworld.com/jobs/content-writing-jobs-in-bangalore-mellow-designs-1036518
208,Mellow Designs,,"B.FashionTech, Other Course",Bangalore,11 Jan 21,https://www.freshersworld.com/jobs/fashion-design-jobs-in-bangalore-mellow-designs-1036517
209,Suiyas Industries Private Limited,React Native Developer,"Diploma, M Phil / Ph.D, B.Com, M.Com, MA...",Bangalore,11 Jan 21,https://www.freshersworld.com/jobs/marketing-jobs-in-bangalore-suiyas-industries-private-limited-1036516
210,Veer B Mahapatra,Software Tester,"Diploma, B.Com, M.Com, BCA, BE/B.Tech...",Bangalore,11 Jan 21,https://www.freshersworld.com/jobs/mobile-app-development-jobs-in-bangalore-veer-b-mahapatra-1036515
211,Veer B Mahapatra,Associate - CCD,"Diploma, B.Com, M.Com, BCA, BE/B.Tech...",Bangalore,11 Jan 21,https://www.freshersworld.com/jobs/computer-vision-jobs-in-bangalore-veer-b-mahapatra-1036514
212,WAAMH - We Are All Mad Here,IT Systems Administrator,"Diploma, M Phil / Ph.D, B.Com, M.Com, MA...",Bangalore,11 Jan 21,https://www.freshersworld.com/jobs/social-media-marketing-jobs-in-bangalore-waamh-we-are-all-mad-here-1036512
213,Yo Doozy,Software Engineer,"Diploma, M Phil / Ph.D, B.Com, M.Com, MA...",Bangalore,11 Jan 21,https://www.freshersworld.com/jobs/digital-marketing-jobs-in-bangalore-yo-doozy-1036511
214,Vak Education Today Private Limited,React Native Developer,"Any Post Graduate, Any Graduate, Other Course",Bangalore,11 Jan 21,https://www.freshersworld.com/jobs/video-streaming-live-streaming-execution-jobs-in-bangalore-vak-education-today-private-limited-1036510
215,Tercept Incorporation,Social Media Communications,"Diploma, B.Com, M.Com, BCA, BE/B.Tech...",Bangalore,11 Jan 21,https://www.freshersworld.com/jobs/big-data-full-stack-software-development-jobs-in-bangalore-tercept-incorporation-1036509
216,Betel Leaf Company,Admin HR Assistant,"Diploma, M Phil / Ph.D, B.Com, M.Com, MA...",Bangalore,11 Jan 21,https://www.freshersworld.com/jobs/business-development-sales-jobs-in-bangalore-betel-leaf-company-1036508
217,Indigo Solutions,Customer Support Executive,"Diploma, B.Com, M.Com, BCA, BE/B.Tech...",Bangalore,11 Jan 21,https://www.freshersworld.com/jobs/web-development-jobs-in-bangalore-indigo-solutions-1036507
218,Ciao Green,.Net trainee engineer,"Diploma, M Phil / Ph.D, B.Com, M.Com, MA...",Bangalore,11 Jan 21,https://www.freshersworld.com/jobs/sales-calling-jobs-in-bangalore-ciao-green-1036506
219,Ensis,Customer Support Executive,"Diploma, M Phil / Ph.D, B.Com, M.Com, MA...",Bangalore,11 Jan 21,https://www.freshersworld.com/jobs/digital-marketing-jobs-in-bangalore-ensis-1036505
220,Ensis,HR Executive,"Diploma, M Phil / Ph.D, B.Com, M.Com, MA...",Bangalore,11 Jan 21,https://www.freshersworld.com/jobs/business-development-sales-jobs-in-bangalore-ensis-1036504
221,Betel Leaf Company,Associate Inside Sales Manager,"Diploma, M Phil / Ph.D, B.Com, M.Com, MA...",Bangalore,11 Jan 21,https://www.freshersworld.com/jobs/digital-marketing-jobs-in-bangalore-betel-leaf-company-1036503
222,RoundGlass,Non Technical Consultant,"Diploma, B.Com, M.Com, BCA, BE/B.Tech...",Bangalore,11 Jan 21,https://www.freshersworld.com/jobs/software-engineering-jobs-in-bangalore-roundglass-1036502
223,Edchemy Solutions India Private Limited,Bpo / Customer support,"Certificate Course (ITI), Diploma, M Phil / Ph.D, B.Com, M.Com...",Bangalore,11 Jan 21,https://www.freshersworld.com/jobs/customer-service-inbound-for-an-all-india-entrance-exam-jobs-in-bangalore-edchemy-solutions-india-private-limited-1036501
224,Radix Groups,Digital Marketing,"Diploma, M Phil / Ph.D, B.Com, M.Com, MA...",Bangalore,11 Jan 21,https://www.freshersworld.com/jobs/sales-promotion-jobs-in-bangalore-radix-groups-1036500
225,Revaalo Technology Private Limited,Digital Marketing,"Diploma, B.Com, M.Com, BCA, BE/B.Tech...",Bangalore,11 Jan 21,https://www.freshersworld.com/jobs/internet-of-things-iot-jobs-in-bangalore-revaalo-technology-private-limited-1036499
226,SAMAARO,Content Writing,"BE/B.Tech, ME/M.Tech, Other Course",Bangalore,11 Jan 21,https://www.freshersworld.com/jobs/product-engineering-jobs-in-bangalore-samaaro-1036498
227,Zoroy Retail Private Limited,,"Diploma, M Phil / Ph.D, B.Com, M.Com, MA...",Bangalore,11 Jan 21,https://www.freshersworld.com/jobs/social-media-marketing-jobs-in-bangalore-zoroy-retail-private-limited-1036497
228,Zoroy Retail Private Limited,Content Writing,"BCA, B.Design, Other Course",Bangalore,11 Jan 21,https://www.freshersworld.com/jobs/graphic-design-jobs-in-bangalore-zoroy-retail-private-limited-1036496
229,SIRPI.io,Sales Marketing,"Diploma, B.Com, M.Com, BCA, BE/B.Tech...",Bangalore,11 Jan 21,https://www.freshersworld.com/jobs/api-development-jobs-in-bangalore-sirpi-io-1036495
230,QtPi Robotics,,"Any Post Graduate, Any Graduate, Other Course",Bangalore,11 Jan 21,https://www.freshersworld.com/jobs/technical-video-anchoring-jobs-in-bangalore-qtpi-robotics-1036494
231,We Create Problems,Graphic Design,"Diploma, B.Com, M.Com, BCA, BE/B.Tech...",Bangalore,11 Jan 21,https://www.freshersworld.com/jobs/software-testing-jobs-in-bangalore-we-create-problems-1036492
232,H3 Mart,Business Development Sales,"Diploma, M Phil / Ph.D, B.Com, M.Com, MA...",Bangalore,11 Jan 21,https://www.freshersworld.com/jobs/social-media-marketing-jobs-in-bangalore-h3-mart-1036491
233,Knedge,Content Writing,"Any Graduate, Other Course",Bangalore,11 Jan 21,https://www.freshersworld.com/jobs/content-writing-jobs-in-bangalore-knedge-1036490
234,Esanosys Technologies,Fashion Design,"Diploma, B.Com, M.Com, BCA, BE/B.Tech...",Bangalore,11 Jan 21,https://www.freshersworld.com/jobs/blockchain-development-jobs-in-bangalore-esanosys-technologies-1036489
235,Tylt,Marketing,"Diploma, M Phil / Ph.D, B.Com, M.Com, MA...",Bangalore,11 Jan 21,https://www.freshersworld.com/jobs/social-media-marketing-jobs-in-bangalore-tylt-1036488
236,WAAMH - We Are All Mad Here,,"BCA, B.Design, Other Course",Bangalore,11 Jan 21,https://www.freshersworld.com/jobs/graphic-design-jobs-in-bangalore-waamh-we-are-all-mad-here-1036487
237,Unacademy,Mobile App Development,"Diploma, M Phil / Ph.D, B.Com, M.Com, MA...",Bangalore,11 Jan 21,https://www.freshersworld.com/jobs/business-development-sales-jobs-in-bangalore-unacademy-1036486
238,Betel Leaf Company,Computer Vision,"BCA, B.Design, Other Course",Bangalore,11 Jan 21,https://www.freshersworld.com/jobs/graphic-design-jobs-in-bangalore-betel-leaf-company-1036485
239,Yulu,Social Media Marketing,"Diploma, M Phil / Ph.D, B.Com, M.Com, MA...",Bangalore,11 Jan 21,https://www.freshersworld.com/jobs/business-development-sales-jobs-in-bangalore-yulu-1036483
240,Toolbox Veroserv Technologies Pvt Ltd,Digital Marketing,"Diploma, M Phil / Ph.D, B.Com, M.Com, MA...",Bangalore,11 Jan 21,https://www.freshersworld.com/jobs/business-development-sales-jobs-in-bangalore-toolbox-veroserv-technologies-pvt-ltd-1036482
241,ToolBox,Video Streaming/Live Streaming Execution,"Certificate Course (ITI), Diploma, M Phil / Ph.D, B.Com, M.Com...",Bangalore,11 Jan 21,https://www.freshersworld.com/jobs/operations-jobs-in-bangalore-toolbox-1036481
242,Jagluck Services Private Limited,,"Diploma, M Phil / Ph.D, B.Com, M.Com, MA...",Bangalore,11 Jan 21,https://www.freshersworld.com/jobs/digital-marketing-jobs-in-bangalore-jagluck-services-private-limited-1036480
243,Evineon Technologies,Big Data Full Stack Software Development,"Any Post Graduate, Any Graduate, Other Course",Bangalore,11 Jan 21,https://www.freshersworld.com/jobs/videography-jobs-in-bangalore-evineon-technologies-1036479
244,Surebot Technology Solutions,Business Development Sales,"Diploma, M Phil / Ph.D, B.Com, M.Com, MA...",Bangalore,11 Jan 21,https://www.freshersworld.com/jobs/business-development-sales-jobs-in-bangalore-surebot-technology-solutions-1036478
245,AtionZ,Web Development,"BCA, B.Design, Other Course",Bangalore,11 Jan 21,https://www.freshersworld.com/jobs/graphic-design-jobs-in-bangalore-ationz-1036477
246,Iksenya Designs LLP,Sales/Calling,"BCA, B.Design, Other Course",Bangalore,11 Jan 21,https://www.freshersworld.com/jobs/product-design-jobs-in-bangalore-iksenya-designs-llp-1036476
247,Iksenya Designs LLP,Digital Marketing,"Diploma, M Phil / Ph.D, B.Com, M.Com, MA...",Bangalore,11 Jan 21,https://www.freshersworld.com/jobs/social-media-marketing-jobs-in-bangalore-iksenya-designs-llp-1036475
248,Iksenya Designs LLP,Business Development Sales,"BCA, B.Design, Other Course",Bangalore,11 Jan 21,https://www.freshersworld.com/jobs/graphic-design-jobs-in-bangalore-iksenya-designs-llp-1036474
249,Home Canvas,Digital Marketing,"BCA, B.Design, Other Course",Bangalore,11 Jan 21,https://www.freshersworld.com/jobs/product-design-furniture-lighting-jobs-in-bangalore-home-canvas-1036473
250,,Software Engineering,,,,
251,,Customer Service Inbound For An All India Entrance Exam,,,,
252,,Sales Promotion,,,,
253,,,,,,
254,,Internet Of Things IoT,,,,
255,,Product Engineering,,,,
256,,Social Media Marketing,,,,
257,,Graphic Design,,,,
258,,API Development,,,,
259,,Technical Video Anchoring,,,,
260,,Software Testing,,,,
261,,Social Media Marketing,,,,
262,,Content Writing,,,,
263,,Blockchain Development,,,,
264,,,,,,
265,,Social Media Marketing,,,,
266,,Graphic Design,,,,
267,,Business Development Sales,,,,
268,,Graphic Design,,,,
269,,Business Development Sales,,,,
270,,Business Development Sales,,,,
271,,Operations,,,,
272,,Digital Marketing,,,,
273,,Videography,,,,
274,,Business Development Sales,,,,
275,,Graphic Design,,,,
276,,Product Design,,,,
277,,Social Media Marketing,,,,
278,,Graphic Design,,,,
279,,Product Design Furniture Lighting,,,,
